date,mean_temperature,max_temperature,min_temperature,Mean_dew_pt,mean_pressure,max_humidity,min_humidity,max_dew_pt_1,max_dew_pt_2,min_dew_pt_1,min_dew_pt_2,max_pressure_1,max_pressure_2,min_pressure_1,min_pressure_2,rainfall
2016-05-04,34,41,27,6,1006,27,5,12,10,-2,-2,1009,1008,1000,1001,0
2016-05-05,31,38,24,7,1005.65,29,6,13,12,0,-2,1008,1009,1001,1000,0
2016-05-06,28,34,21,11,1007.94,61,13,16,13,6,0,1011,1008,1003,1001,5
2016-05-07,30,38,23,13,1008.39,69,18,17,16,9,6,1011,1011,1004,1003,0
2016-05-08,34,41,26,10,1007.62,50,8,14,17,6,9,1010,1011,1002,1004,0
2016-05-09,34,42,27,8,1006.73,32,7,12,14,6,6,1010,1010,1002,1002,0
2016-05-10,34,41,27,11,1005.75,45,7,16,12,7,6,1008,1010,1000,1002,0.3
2016-05-11,32,40,25,16,1007.1,51,12,18,16,13,7,1010,1008,1002,1000,0.8
2016-05-12,34,42,27,16,1006.78,66,16,22,18,10,13,1011,1010,1001,1002,2
2016-05-13,34,42,26,13,1003.83,58,9,20,22,10,10,1007,1011,998,1001,0.3
2016-05-14,35,42,28,11,1003.56,40,9,16,20,7,10,1006,1007,998,998,0
2016-05-15,36,44,29,13,1004.74,48,8,19,16,10,7,1007,1006,1000,998,0
2016-05-16,36,43,28,12,1005.02,40,7,16,19,9,10,1008,1007,1001,1000,0
2016-05-17,35,44,26,13,1003.68,51,6,19,16,7,9,1006,1008,999,1001,3
2016-05-18,36,45,27,13,1001.58,42,8,16,19,10,7,1010,1006,995,999,0
2016-05-19,38,46,29,11,999.88,45,5,17,16,6,10,1002,1010,994,995,0
2016-05-20,38,46,30,6,998.96,33,4,13,17,-2,6,1002,1002,994,994,0
2016-05-21,38,45,32,10,997.92,38,4,18,13,0,-2,1001,1002,992,994,0
2016-05-22,38,44,31,12,998.41,30,6,17,18,3,0,1001,1001,992,992,0
2016-05-23,34,42,25,16,999.88,46,10,21,17,8,3,1003,1001,995,992,0
2016-05-24,32,40,23,18,1001.13,69,18,21,21,15,8,1006,1003,994,995,0.5
2016-05-25,34,40,28,16,1002.15,74,14,20,21,12,15,1005,1006,996,994,0
2016-05-26,34,40,28,17,1000.02,51,16,20,20,15,12,1003,1005,994,996,0
2016-05-27,36,42,30,16,1001.7,46,14,19,20,13,15,1004,1003,997,994,0
2016-05-28,35,40,30,13,1003.43,40,7,18,19,7,13,1006,1004,998,997,0
2016-05-29,33,41,25,16,1003.17,46,15,20,18,13,7,1009,1006,997,998,0
2016-05-30,32,37,26,16,1002.18,48,16,18,20,13,13,1005,1009,996,997,0
2016-05-31,34,41,28,17,1003.67,58,21,20,18,8,13,1007,1005,999,996,0
2016-06-01,35,42,28,16,1005.08,52,12,20,20,10,8,1008,1007,999,999,0
2016-06-02,36,42,30,13,1005.44,42,10,18,20,8,10,1009,1008,999,999,0
2016-06-03,38,43,32,13,1004.8,38,10,18,18,9,8,1009,1009,999,999,0
2016-06-04,38,44,31,13,1004.93,34,10,18,18,7,9,1008,1009,999,999,0
2016-06-05,38,45,31,5,1004.67,27,4,18,18,2,7,1007,1008,999,999,0
2016-06-06,36,44,27,6,1003.88,27,4,16,18,0,2,1007,1007,998,999,0
2016-06-07,38,45,30,13,1003.29,51,5,21,16,5,0,1007,1007,997,998,0
2016-06-08,38,44,31,12,1002.83,47,4,22,21,2,5,1006,1007,996,997,0
2016-06-09,36,44,29,12,1001.24,43,7,19,22,8,2,1004,1006,994,996,0
2016-06-10,37,43,31,12,1000.57,34,6,17,19,6,8,1003,1004,994,994,0
2016-06-11,34,41,27,15,1000.6,41,11,21,17,12,6,1003,1003,994,994,0
2016-06-12,34,41,27,18,1001.62,62,16,22,21,13,12,1004,1003,994,994,0
2016-06-13,35,40,30,18,1001.2,58,23,21,22,15,13,1004,1004,996,994,0
2016-06-14,34,39,29,19,1001.42,58,17,26,21,14,15,1004,1004,995,996,0
2016-06-15,34,39,30,18,1000.63,49,18,24,26,16,14,1004,1004,994,995,0
2016-06-16,35,40,30,18,998.76,52,16,22,24,15,16,1002,1004,993,994,0
2016-06-17,36,42,31,17,999.57,46,21,20,22,13,15,1003,1002,994,993,0
2016-06-18,36,42,30,17,1000.55,41,15,21,20,13,13,1003,1003,994,994,0
2016-06-19,35,41,29,19,1001.7,46,15,22,21,15,13,1004,1003,995,994,0
2016-06-20,35,41,29,20,1002.2,52,17,23,22,16,15,1005,1004,996,995,0
2016-06-21,34,40,27,21,1001.2,66,21,23,23,17,16,1004,1005,994,996,0
2016-06-22,32,37,27,22,1001.45,89,27,25,23,20,17,1003,1004,999,994,3
2016-06-23,34,40,27,23,1003,84,31,25,25,20,20,1006,1003,998,999,0
2016-06-24,34,40,28,23,1002.88,79,27,25,25,19,20,1007,1006,996,998,0
2016-06-25,34,40,29,21,1001.19,62,24,23,25,18,19,1004,1007,995,996,0
2016-06-26,34,39,29,21,1002.21,62,24,23,23,20,18,1005,1004,998,995,2
2016-06-27,34,39,29,21,1001.93,66,30,25,23,18,20,1005,1005,995,998,0.2
2016-06-28,30,35,25,23,1001.27,84,35,26,25,21,18,1003,1005,997,995,4
2016-06-29,32,39,26,25,1002.41,94,45,26,26,23,21,1005,1003,998,997,0
2016-06-30,36,42,30,24,1002.48,84,32,26,26,21,23,1005,1005,996,998,0
2016-07-01,28,33,24,23,1000.22,62,22,26,26,19,21,1003,1005,994,996,0
2016-07-02,26,31,22,25,999.43,100,55,27,26,23,19,1003,1003,994,994,6
2016-07-03,28,31,24,25,999.87,100,66,26,27,23,23,1001,1003,997,994,0
2016-07-04,30,36,25,25,1000.04,100,60,26,26,24,23,1007,1001,996,997,0
2016-07-05,32,37,27,23,999.3,94,36,26,26,21,24,1001,1007,994,996,0
2016-07-06,34,38,29,24,998.43,82,36,26,26,22,21,1001,1001,993,994,0
2016-07-07,33,38,28,23,998.86,70,33,26,26,22,22,1002,1001,994,993,0
2016-07-08,33,38,28,22,999.96,73,31,26,26,21,22,1002,1002,995,994,0
2016-07-09,32,38,26,23,999.45,76,40,25,26,21,21,1002,1002,994,995,0
2016-07-10,31,37,25,24,998.33,89,35,25,25,22,21,1000,1002,994,994,0.7
2016-07-11,29,35,23,24,998.09,94,37,26,25,21,22,1000,1000,993,994,16
2016-07-12,28,31,26,24,999.24,89,40,25,26,22,21,1001,1000,995,993,0.2
2016-07-13,30,34,26,25,1000.34,94,66,27,25,23,22,1003,1001,996,995,5
2016-07-14,30,33,26,26,1000.26,89,56,26,27,24,23,1002,1003,996,996,0
2016-07-15,26,28,25,26,1000.84,91,60,26,26,25,24,1003,1002,997,996,0.6
2016-07-16,26,28,24,26,1001.66,100,51,27,26,15,25,1003,1003,999,997,23
2016-07-17,27,31,23,26,1002.31,100,82,27,27,24,15,1005,1003,998,999,51
2016-07-18,28,34,23,25,1003.93,100,69,26,27,23,24,1006,1005,1001,998,0
2016-07-19,30,35,25,25,1003.69,100,49,26,26,23,23,1006,1006,999,1001,0
2016-07-20,30,36,25,24,1003.27,84,42,25,26,23,23,1006,1006,999,999,0
2016-07-21,32,37,26,23,1003.05,84,36,24,25,21,23,1006,1006,998,999,0
2016-07-22,32,36,27,22,1002.77,74,34,23,24,20,21,1005,1006,997,998,0
2016-07-23,32,36,27,22,1001.84,74,34,23,23,21,20,1004,1005,997,997,0
2016-07-24,30,34,27,23,1002.64,74,39,24,23,20,21,1005,1004,999,997,0
2016-07-25,30,35,26,24,1004.37,89,52,26,24,22,20,1006,1005,1000,999,0
2016-07-26,30,35,26,24,1004.21,89,43,25,26,22,22,1006,1006,1001,1000,0
2016-07-27,27,30,24,24,1004.4,89,50,25,25,23,22,1007,1006,1000,1001,0
2016-07-28,28,32,24,25,1005.23,94,69,27,25,23,23,1007,1007,1002,1000,6
2016-07-29,27,31,23,25,1003.98,100,66,26,27,24,23,1006,1007,1001,1002,36
2016-07-30,28,32,23,25,1002.77,100,66,27,26,24,24,1005,1006,999,1001,21
2016-07-31,28,33,24,25,1002.82,100,59,26,27,25,24,1005,1005,999,999,9
2016-08-01,28,32,24,26,1002.3,100,55,26,26,24,25,1005,1005,999,999,0
2016-08-02,26,27,24,25,1000.5,94,68,26,26,24,24,1003,1005,997,999,9
2016-08-03,28,32,23,25,998.93,100,84,27,26,24,24,1001,1003,995,997,35
2016-08-04,27,30,24,25,999.11,100,57,28,27,24,24,1002,1001,995,995,16
2016-08-05,28,32,24,26,999.88,100,74,27,28,25,24,1002,1002,996,995,15
2016-08-06,30,33,26,26,1000.86,94,65,27,27,25,25,1003,1002,996,996,0
2016-08-07,29,33,25,26,1000.87,89,38,27,27,16,25,1003,1003,997,996,0
2016-08-08,28,31,25,26,1001.42,94,56,27,27,25,16,1004,1003,997,997,0
2016-08-09,28,32,24,26,1001.07,100,66,27,27,25,25,1003,1004,997,997,23
2016-08-10,26,29,24,26,999.4,96,65,27,27,25,25,1002,1003,995,997,2
2016-08-11,25,27,23,25,1000.64,100,28,26,27,6,25,1003,1002,998,995,26
2016-08-12,26,31,22,25,1003.11,100,88,26,26,24,6,1006,1003,1000,998,5
2016-08-13,28,32,24,25,1004.53,100,63,26,26,23,24,1010,1006,1001,1000,0
2016-08-14,28,32,23,25,1003.62,100,63,26,26,24,23,1006,1010,1000,1001,0
2016-08-15,28,32,24,25,1003.22,100,60,25,26,24,24,1005,1006,999,1000,0
2016-08-16,27,32,22,23,1002.53,89,47,25,25,22,24,1004,1005,999,999,0
2016-08-17,28,32,23,23,1000.88,94,44,24,25,21,22,1003,1004,997,999,0
2016-08-18,26,30,23,23,1001.42,89,54,25,24,22,21,1004,1003,997,997,2
2016-08-19,28,32,24,24,1002.27,94,69,25,25,22,22,1005,1004,999,997,2
2016-08-20,28,30,25,25,1001.45,89,63,26,25,23,22,1004,1005,997,999,0.2
2016-08-21,24,25,22,24,1000.19,94,58,26,26,23,23,1002,1004,996,997,0.1
2016-08-22,26,29,22,23,1001.04,100,78,24,26,22,23,1003,1002,998,996,0.8
2016-08-23,26,29,24,25,1003.27,100,70,26,24,24,22,1005,1003,1000,998,0.3
2016-08-24,26,28,23,25,1004.14,100,61,26,26,23,24,1013,1005,1000,1000,7
2016-08-25,27,31,23,25,1002.41,100,81,26,26,24,23,1005,1013,999,1000,14
2016-08-26,31,39,23,25,1005.87,100,60,26,26,23,24,1008,1005,1002,999,0
2016-08-27,28,32,25,24,1006.63,94,36,26,26,23,23,1009,1008,1003,1002,0
2016-08-28,26,30,21,25,1007.15,94,57,27,26,23,23,1010,1009,1003,1003,0
2016-08-29,28,33,23,25,1007.44,100,70,27,27,23,23,1010,1010,1003,1003,18
2016-08-30,28,33,24,25,1005.08,100,57,26,27,24,23,1007,1010,1000,1003,0
2016-08-31,30,34,25,25,1003.73,100,70,27,26,24,24,1006,1007,1000,1000,4
2016-09-01,26,30,23,25,1003.96,100,55,27,27,22,24,1006,1006,999,1000,8
2016-09-02,28,33,24,24,1004.58,100,73,26,27,22,22,1007,1006,1001,999,0.8
2016-09-03,28,33,23,24,1003.95,97,40,25,26,20,22,1006,1007,1000,1001,0
2016-09-04,27,32,22,23,1004,94,50,25,25,21,20,1006,1006,1000,1000,0
2016-09-05,28,32,23,22,1006.34,89,29,23,25,16,21,1009,1006,1003,1000,0
2016-09-06,28,32,23,21,1007,89,45,22,23,20,16,1009,1009,1003,1003,0
2016-09-07,28,33,23,21,1007.47,83,42,22,22,19,20,1010,1009,1004,1003,0
2016-09-08,29,34,24,21,1006.89,83,41,22,22,20,19,1009,1010,1003,1004,0
2016-09-09,28,34,23,21,1007.97,83,41,22,22,21,20,1010,1009,1005,1003,0
2016-09-10,28,34,23,20,1009.06,74,35,22,22,18,21,1012,1010,1004,1005,0
2016-09-11,29,34,24,20,1008.09,78,38,21,22,19,18,1011,1012,1004,1004,0
2016-09-12,28,34,22,20,1007.07,74,37,21,21,19,19,1009,1011,1003,1004,0
2016-09-13,30,35,25,20,1007.23,79,33,21,21,18,19,1009,1009,1003,1003,0
2016-09-14,28,34,23,20,1008.54,69,31,22,21,19,18,1011,1009,1004,1003,0
2016-09-15,30,35,24,21,1008.51,82,38,23,22,19,19,1011,1011,1004,1004,0
2016-09-16,30,36,24,21,1007.28,78,32,24,23,18,19,1010,1011,1002,1004,0
2016-09-17,30,37,22,19,1006.26,70,22,23,24,16,18,1010,1010,1001,1002,0
2016-09-18,30,36,23,19,1005.32,73,20,22,23,14,16,1008,1010,1000,1001,0
2016-09-19,30,37,24,20,1006.23,78,23,23,22,17,14,1009,1008,1002,1000,0
2016-09-20,32,37,26,20,1005.76,78,24,23,23,16,17,1008,1009,1001,1002,0
2016-09-21,32,38,26,20,1004.84,79,17,24,23,10,16,1007,1008,999,1001,0
2016-09-22,30,36,24,20,1006.52,66,20,23,24,16,10,1009,1007,1001,999,0
2016-09-23,28,34,22,22,1008.43,78,33,24,23,18,16,1011,1009,1001,1001,0
2016-09-24,26,34,19,21,1006.43,83,36,23,24,18,18,1009,1011,1001,1001,57
2016-09-25,28,33,22,21,1005.24,94,46,25,23,17,18,1008,1009,1001,1001,0
2016-09-26,28,34,22,22,1006.38,89,38,23,25,18,17,1009,1008,1002,1001,0
2016-09-27,30,36,23,21,1007.69,83,34,23,23,19,18,1010,1009,1004,1002,0
2016-09-28,30,36,25,20,1008.02,83,25,23,23,16,19,1011,1010,1003,1004,0
2016-09-29,30,36,24,18,1006.98,74,22,22,23,14,16,1010,1011,1002,1003,0
2016-09-30,30,35,24,18,1006.79,66,17,21,22,7,14,1009,1010,1002,1002,0
2016-10-01,30,35,25,20,1007.09,78,4,22,21,-22,7,1009,1009,1002,1002,0
2016-10-02,31,36,26,22,1008.35,74,34,23,22,21,-22,1011,1009,1004,1002,0
2016-10-03,31,36,26,23,1010,79,42,24,23,21,21,1013,1011,1005,1004,0
2016-10-04,30,36,25,23,1008.69,84,35,26,24,21,21,1012,1013,1003,1005,2
2016-10-05,27,31,23,22,1006.96,83,32,24,26,20,21,1009,1012,1002,1003,0
2016-10-06,26,31,22,23,1006.93,100,47,24,24,21,20,1009,1009,1000,1002,13
2016-10-07,28,34,22,24,1008.74,100,58,25,24,21,21,1011,1009,1006,1000,0.9
2016-10-08,28,35,22,23,1009.2,100,40,26,25,20,21,1012,1011,1003,1006,0
2016-10-09,30,35,24,20,1008.78,94,21,25,26,14,20,1012,1012,1004,1003,0
2016-10-10,28,34,22,17,1007.68,74,21,22,25,9,14,1011,1012,1003,1004,0
2016-10-11,28,35,21,16,1008.31,69,27,20,22,10,9,1011,1011,1004,1003,0
2016-10-12,28,34,22,14,1008.88,73,13,20,20,6,10,1011,1011,1005,1004,0
2016-10-13,28,34,22,11,1008.9,57,11,17,20,5,6,1011,1011,1005,1005,0
2016-10-14,28,34,23,13,1010.86,57,18,17,17,8,5,1014,1011,1007,1005,0
2016-10-15,28,35,20,12,1011.36,48,15,15,17,9,8,1014,1014,1000,1007,0
2016-10-16,27,35,19,9,1012.19,61,6,15,15,1,9,1015,1014,1008,1000,0
2016-10-17,26,34,19,10,1013.15,62,12,16,15,6,1,1016,1015,1001,1008,0
2016-10-18,26,35,18,10,1012.3,57,11,16,16,6,6,1015,1016,1008,1001,0
2016-10-19,28,35,20,7,1011.33,57,8,14,16,4,6,1014,1015,1007,1008,0
2016-10-20,28,34,22,8,1010.4,49,10,11,14,5,4,1013,1014,1006,1007,0
2016-10-21,28,34,21,8,1009.43,38,10,9,11,6,5,1012,1013,1006,1006,0
2016-10-22,28,34,21,9,1010.65,47,12,12,9,5,6,1013,1012,1007,1006,0
2016-10-23,28,34,21,10,1011.64,47,15,15,12,8,5,1015,1013,1008,1007,0
2016-10-24,27,33,21,10,1011.44,53,14,13,15,7,8,1014,1015,1007,1008,0
2016-10-25,27,33,21,11,1010.78,47,14,13,13,9,7,1014,1014,1007,1007,0
2016-10-26,28,34,21,11,1010.9,50,18,13,13,9,9,1014,1014,1002,1007,0
2016-10-27,26,34,17,10,1013.2,53,13,16,13,5,9,1016,1014,1009,1002,0
2016-10-28,24,33,16,4,1015.66,43,6,11,16,-3,5,1019,1016,1002,1009,0
2016-10-29,24,34,15,5,1014.43,50,5,15,11,-4,-3,1017,1019,1010,1002,0
2016-10-30,24,34,15,5,1013.59,77,6,13,15,-1,-4,1016,1017,1010,1010,0
2016-10-31,24,32,15,5,1015.54,50,6,11,13,-1,-1,1018,1016,1012,1010,0
2016-11-01,24,31,17,7,1017.94,49,16,11,11,3,-1,1021,1018,1002,1012,0
2016-11-02,22,30,14,8,1017.56,63,13,13,11,3,3,1020,1021,1014,1002,0
2016-11-03,22,30,14,9,1017.16,59,17,12,13,5,3,1020,1020,1014,1014,0
2016-11-04,23,31,15,10,1017.35,72,14,14,12,7,5,1020,1020,1014,1014,0
2016-11-05,22,31,14,9,1014.39,64,14,14,14,6,7,1017,1020,1010,1014,0
2016-11-06,23,33,13,6,1012.07,68,8,13,14,0,6,1015,1017,1008,1010,0
2016-11-07,24,31,17,3,1012.68,59,7,9,13,-3,0,1015,1015,1009,1008,0
2016-11-08,22,31,13,2,1014.56,37,9,5,9,-1,-3,1017,1015,1011,1009,0
2016-11-09,22,32,12,4,1015.83,67,8,10,5,-5,-1,1018,1017,1012,1011,0
2016-11-10,24,32,16,2,1016.26,45,6,6,10,-3,-5,1019,1018,1013,1012,0
2016-11-11,24,32,15,3,1015.07,49,7,7,6,-3,-3,1018,1019,1011,1013,0
2016-11-12,22,31,14,4,1014.72,49,13,10,7,-1,-3,1017,1018,1011,1011,0
2016-11-13,22,30,14,5,1015.83,48,10,10,10,2,-1,1018,1017,1013,1011,0
2016-11-14,22,30,13,6,1017.25,52,10,11,10,3,2,1020,1018,1014,1013,0
2016-11-15,20,28,12,6,1016.8,55,10,10,11,1,3,1019,1020,1014,1014,0
2016-11-16,20,29,12,6,1016.76,63,12,11,10,1,1,1019,1019,1014,1014,0
2016-11-17,20,29,12,6,1018.41,59,14,10,11,4,1,1021,1019,1016,1014,0
2016-11-18,20,30,11,5,1018.46,63,12,11,10,2,4,1022,1021,1015,1016,0
2016-11-19,20,30,11,4,1016.47,72,8,11,11,-1,2,1020,1022,1013,1015,0
2016-11-20,21,31,11,3,1014,55,10,9,11,-2,-1,1017,1020,1010,1013,0
2016-11-21,22,31,12,4,1014.34,63,9,9,9,-1,-2,1017,1017,1011,1010,0
2016-11-22,21,30,12,5,1015.13,63,7,11,9,-1,-1,1018,1017,1012,1011,0
2016-11-23,22,30,13,6,1014.61,67,13,10,11,2,-1,1018,1018,1011,1012,0
2016-11-24,22,31,12,5,1014.49,52,14,10,10,2,2,1017,1018,1011,1011,0
2016-11-25,20,29,12,6,1016.5,67,13,12,10,0,2,1019,1017,1013,1011,0
2016-11-26,23,30,16,4,1015.93,69,7,11,12,-2,0,1019,1019,1012,1013,0
2016-11-27,24,30,17,3,1015.43,35,9,7,11,0,-2,1018,1019,1012,1012,0
2016-11-28,22,30,14,4,1015.84,46,13,7,7,2,0,1019,1018,1012,1012,0
2016-11-29,22,31,12,4,1015.18,55,8,10,7,0,2,1018,1019,1011,1012,0
2016-11-30,20,29,12,6,1015.84,67,9,11,10,1,0,1018,1018,1012,1011,0
2016-12-01,20,28,12,7,1016.88,63,16,10,11,1,1,1020,1018,1014,1012,0
2016-12-02,22,28,16,10,1017.07,68,26,13,10,7,1,1020,1020,1014,1014,0
2016-12-03,19,27,11,10,1018.3,74,18,15,13,6,7,1021,1020,1016,1014,0
2016-12-04,18,27,10,5,1020.31,82,8,12,15,-2,6,1023,1021,1018,1016,0
2016-12-05,19,27,11,5,1020.79,62,21,9,12,1,-2,1024,1023,1018,1018,0
2016-12-06,20,29,11,6,1018.63,67,14,10,9,3,1,1021,1024,1015,1018,0
2016-12-07,20,29,11,6,1018.6,77,10,11,10,2,3,1021,1021,1016,1015,0
2016-12-08,20,29,11,7,1017.9,77,10,13,11,1,2,1020,1021,1014,1016,0
2016-12-09,20,29,11,10,1016.54,94,20,14,13,4,1,1019,1020,1013,1014,0
2016-12-10,20,29,12,10,1014.73,94,21,15,14,4,4,1017,1019,1011,1013,0
2016-12-11,22,29,14,10,1014.11,77,16,12,15,7,4,1017,1017,1003,1011,0
2016-12-12,20,27,13,9,1014.23,84,18,13,12,5,7,1017,1017,1011,1003,0
2016-12-13,20,26,15,11,1015.02,88,24,15,13,8,5,1018,1017,1012,1011,0
2016-12-14,20,26,14,11,1015.6,68,28,13,15,9,8,1018,1018,1013,1012,0
2016-12-15,18,26,11,11,1017.59,77,24,14,13,8,9,1020,1018,1015,1013,0
2016-12-16,18,26,10,5,1017.85,72,13,9,14,2,8,1021,1020,1015,1015,0
2016-12-17,18,26,10,6,1018.7,63,20,8,9,4,2,1022,1021,1016,1015,0
2016-12-18,18,26,11,8,1018.17,76,25,10,8,6,4,1021,1022,1015,1016,0
2016-12-19,17,25,9,7,1018.27,72,21,10,10,5,6,1020,1021,1016,1015,0
2016-12-20,18,27,8,5,1018.69,77,10,9,10,-3,5,1021,1020,1016,1016,0
2016-12-21,19,27,11,3,1017.83,71,12,8,9,-2,-3,1020,1021,1014,1016,0
2016-12-22,19,27,11,2,1017.8,51,10,8,8,-3,-2,1021,1020,1014,1014,0
2016-12-23,19,28,10,2,1016.96,54,13,7,8,-3,-3,1019,1021,1012,1014,0
2016-12-24,19,28,10,5,1014.98,67,10,10,7,1,-3,1018,1019,1011,1012,0
2016-12-25,18,24,13,7,1011.96,76,14,10,10,2,1,1015,1018,1008,1011,0
2016-12-26,18,25,12,3,1014.75,72,6,10,10,-9,2,1019,1015,1010,1008,0
2016-12-27,17,25,9,7,1017.92,88,23,11,10,2,-9,1020,1019,1015,1010,0
2016-12-28,18,27,10,6,1018.28,82,13,10,11,1,2,1021,1020,1015,1015,0
2016-12-29,19,28,10,8,1016.87,82,16,11,10,4,1,1019,1021,1013,1015,0
2016-12-30,17,24,10,8,1016.75,94,11,13,11,0,4,1020,1019,1013,1013,0
2016-12-31,16,23,10,13,1017.06,100,43,16,13,10,0,1019,1020,1014,1013,0
2017-01-01,18,24,12,13,1015.7,100,45,17,16,11,10,1018,1019,1012,1014,0
2017-01-02,16,23,9,11,1015.67,100,31,15,17,7,11,1018,1018,1013,1012,0
2017-01-03,16,23,10,13,1018.75,100,47,15,15,11,7,1021,1018,1017,1013,0
2017-01-04,17,24,10,12,1019.15,100,38,14,15,10,11,1022,1021,1016,1017,0
2017-01-05,18,25,10,13,1016.93,100,41,16,14,10,10,1019,1022,1014,1016,0
2017-01-06,18,24,11,11,1015.19,100,26,14,16,7,10,1018,1019,1011,1014,0
2017-01-07,18,22,14,13,1012.71,100,43,15,14,11,7,1015,1018,1010,1011,0
2017-01-08,16,20,12,10,1011.52,94,26,14,15,3,11,1013,1015,1009,1010,0
2017-01-09,15,21,9,9,1014.24,100,27,15,14,1,3,1017,1013,1012,1009,0
2017-01-10,13,19,7,5,1015.62,100,15,10,15,-1,1,1018,1017,1014,1012,0
2017-01-11,10,18,3,3,1017,94,17,9,10,-5,-1,1019,1018,1015,1014,0
2017-01-12,12,19,4,-3,1017.54,70,13,2,9,-7,-5,1020,1019,1015,1015,0
2017-01-13,12,20,4,-5,1017.24,75,4,2,2,-93,-7,1020,1020,1015,1015,0
2017-01-14,12,20,5,-1,1017.75,70,10,1,2,-8,-93,1020,1020,1016,1015,0
2017-01-15,14,22,7,2,1018.81,71,24,4,1,0,-8,1021,1020,1017,1016,0
2017-01-16,15,21,9,3,1018.33,77,19,10,4,0,0,1021,1021,1015,1017,0
2017-01-17,12,20,5,3,1017.35,74,15,7,10,-2,0,1019,1021,1015,1015,0
2017-01-18,14,21,8,3,1018.52,100,4,7,7,-3,-2,1021,1019,1016,1015,0
2017-01-19,14,23,6,5,1021.26,93,16,8,7,-2,-3,1024,1021,1019,1016,0
2017-01-20,14,22,7,1,1022.69,87,9,7,8,-4,-2,1026,1024,1011,1019,0
2017-01-21,16,22,9,2,1022.24,76,9,6,7,-4,-4,1025,1026,1019,1011,0
2017-01-22,18,24,12,5,1020.79,63,25,8,6,2,-4,1023,1025,1018,1019,0
2017-01-23,18,26,11,6,1021.53,67,19,11,8,-1,2,1025,1023,1019,1018,0
2017-01-24,21,28,14,9,1019.98,77,24,12,11,7,-1,1023,1025,1017,1019,0
2017-01-25,22,27,17,12,1018.49,82,29,15,12,11,7,1022,1023,1015,1017,0
2017-01-26,16,18,14,14,1017.9,77,32,17,15,12,11,1021,1022,1014,1015,0.2
2017-01-27,14,19,10,15,1017.47,100,66,16,17,14,12,1020,1021,1015,1014,19
2017-01-28,15,21,9,12,1019.25,100,52,15,16,8,14,1021,1020,1017,1015,0
2017-01-29,18,25,10,11,1020.22,100,34,13,15,8,8,1023,1021,1017,1017,0
2017-01-30,18,25,10,10,1018.13,100,22,15,13,3,8,1020,1023,1015,1017,0
2017-01-31,18,26,11,12,1016.37,100,28,15,15,9,3,1019,1020,1012,1015,0
2017-02-01,18,24,12,11,1015.55,100,23,14,15,6,9,1018,1019,1013,1012,0
2017-02-02,20,25,14,13,1017.23,94,37,15,14,10,6,1020,1018,1014,1013,0
2017-02-03,19,25,13,11,1019.45,77,39,14,15,8,10,1022,1020,1017,1014,0
2017-02-04,20,26,15,13,1018.25,88,41,15,14,11,8,1021,1022,1015,1017,0
2017-02-05,21,26,16,14,1014.35,94,39,17,15,12,11,1017,1021,1010,1015,0
2017-02-06,18,23,12,13,1013.88,94,30,16,17,4,12,1016,1017,1011,1010,0
2017-02-07,16,24,8,3,1016.72,72,12,8,16,-5,4,1020,1016,1014,1011,0
2017-02-08,17,25,9,2,1017.09,71,10,5,8,-4,-5,1020,1020,1014,1014,0
2017-02-09,17,23,11,5,1015.66,67,17,10,5,3,-4,1018,1020,1012,1014,0
2017-02-10,17,24,10,2,1016.67,76,10,8,10,-3,3,1019,1018,1014,1012,0
2017-02-11,16,24,8,2,1016.79,67,11,8,8,-3,-3,1020,1019,1012,1014,0
2017-02-12,18,24,11,2,1016.82,62,13,5,8,-1,-3,1019,1020,1014,1012,0
2017-02-13,18,26,11,5,1019.89,64,21,8,5,2,-1,1023,1019,1017,1014,0
2017-02-14,18,27,8,5,1022.08,72,10,9,8,-1,2,1025,1023,1019,1017,0
2017-02-15,20,29,11,2,1022.65,76,8,8,9,-4,-1,1025,1025,1019,1019,0
2017-02-16,22,32,13,3,1022,63,6,9,8,-3,-4,1025,1025,1018,1019,0
2017-02-17,23,32,14,4,1019.68,67,8,8,9,-1,-3,1022,1025,1015,1018,0
2017-02-18,23,32,14,5,1018.52,59,7,9,8,-2,-1,1021,1022,1015,1015,0
2017-02-19,24,33,16,8,1018.47,72,12,10,9,5,-2,1021,1021,1014,1015,0
2017-02-20,24,31,17,8,1015.39,64,9,13,10,3,5,1019,1021,1010,1014,0
2017-02-21,20,27,14,6,1008.35,49,14,9,13,3,3,1011,1019,1003,1010,0
2017-02-22,20,28,11,0,1009.08,59,6,7,9,-8,3,1012,1011,1006,1003,0
2017-02-23,20,27,12,-3,1013,51,4,6,7,-14,-8,1015,1012,1010,1006,0
2017-02-24,19,27,11,-3,1016.02,48,4,5,6,-9,-14,1018,1015,1013,1010,0
2017-02-25,22,30,14,-4,1018.61,54,4,6,5,-94,-9,1021,1018,1015,1013,0
2017-02-26,21,29,13,-1,1016.19,41,4,8,6,-8,-94,1020,1021,1011,1015,0
2017-02-27,22,31,12,0,1014.3,51,6,8,8,-9,-8,1017,1020,1011,1011,0
2017-02-28,25,33,17,1,1015.17,44,6,6,8,-3,-9,1018,1017,1011,1011,0
2017-03-01,25,32,18,3,1014.47,40,6,7,6,0,-3,1018,1018,1009,1011,0
2017-03-02,24,29,19,7,1013.08,49,11,12,7,3,0,1016,1018,1009,1009,0
2017-03-03,22,28,17,12,1012.37,73,20,15,12,9,3,1016,1016,1009,1009,6
2017-03-04,21,28,14,5,1011.48,60,12,12,15,1,9,1014,1016,1008,1009,0
2017-03-05,20,28,13,3,1011.09,59,9,10,12,-3,1,1014,1014,1008,1008,0
2017-03-06,22,30,13,2,1012.21,71,8,14,10,-3,-3,1015,1014,1009,1008,0
2017-03-07,24,31,16,1,1011.73,59,5,6,14,-5,-3,1015,1015,1007,1009,0
2017-03-08,24,30,19,2,1009.62,42,6,6,6,-3,-5,1013,1015,1005,1007,0
2017-03-09,23,28,18,6,1008.61,46,16,12,6,2,-3,1011,1013,1004,1005,0
2017-03-10,18,23,14,10,1008.17,68,18,14,12,6,2,1011,1011,1005,1004,4
2017-03-11,18,24,11,14,1007.59,100,49,16,14,10,6,1010,1011,1004,1005,4
2017-03-12,18,25,10,5,1010.51,100,7,14,16,-6,10,1018,1010,1007,1004,0
2017-03-13,18,26,11,-1,1014.68,59,5,7,14,-8,-6,1017,1018,1011,1007,0
2017-03-14,21,28,14,2,1015.33,55,8,5,7,-4,-8,1018,1017,1012,1011,0
2017-03-15,24,31,16,2,1016.87,45,7,6,5,-3,-4,1019,1018,1014,1012,0
2017-03-16,24,32,15,3,1015.54,51,12,8,6,-2,-3,1018,1019,1012,1014,0
2017-03-17,24,30,17,2,1012.77,45,5,7,8,-4,-2,1015,1018,1008,1012,0
2017-03-18,24,31,17,6,1011.91,59,11,12,7,1,-4,1015,1015,1008,1008,0
2017-03-19,24,31,17,8,1011.43,64,17,14,12,5,1,1015,1015,1006,1008,0.4
2017-03-20,24,32,16,13,1012.86,78,18,15,14,8,5,1015,1015,1009,1006,0.8
2017-03-21,25,34,16,7,1014.3,73,6,16,15,-4,8,1017,1015,1010,1009,0
2017-03-22,28,37,19,5,1014.59,56,6,12,16,0,-4,1017,1017,1010,1010,0
2017-03-23,30,37,24,6,1012.67,46,6,14,12,2,0,1016,1017,1001,1010,0
2017-03-24,28,36,21,6,1011.32,34,5,12,14,2,2,1014,1016,1006,1001,0
2017-03-25,28,36,21,8,1011.47,44,10,14,12,5,2,1014,1014,1007,1006,0
2017-03-26,29,37,21,6,1012.21,41,6,11,14,3,5,1015,1014,1007,1007,0
2017-03-27,30,40,21,7,1013.49,44,7,11,11,5,3,1017,1015,1008,1007,0
2017-03-28,32,41,23,7,1012.53,43,5,13,11,2,5,1015,1017,1007,1008,0
2017-03-29,32,40,25,5,1011.57,47,4,13,13,-2,2,1015,1015,1006,1007,0
2017-03-30,32,41,24,3,1010.11,34,4,11,13,-8,-2,1013,1015,1005,1006,0
2017-03-31,30,39,22,2,1009.89,47,4,15,11,-7,-8,1013,1013,1005,1005,0
2017-04-01,32,40,25,1,1010.86,29,5,6,15,-4,-7,1014,1013,1006,1005,0
2017-04-02,32,39,25,1,1008.64,22,4,10,6,-2,-4,1012,1014,1004,1006,0
2017-04-03,32,40,23,4,1007.05,27,4,14,10,-2,-2,1010,1012,1003,1004,0
2017-04-04,32,39,25,6,1007.27,34,6,11,14,3,-2,1011,1010,1002,1003,0
2017-04-05,32,40,24,8,1008.05,34,9,12,11,6,3,1011,1011,1003,1002,0
2017-04-06,31,36,26,7,1005.82,36,8,12,12,-1,6,1018,1011,999,1003,0
2017-04-07,28,34,22,6,1005.19,45,5,15,12,-3,-1,1008,1018,1001,999,0
2017-04-08,26,34,19,-8,1009.31,28,4,6,15,-15,-3,1012,1008,1005,1001,0
2017-04-09,28,34,22,-10,1012.43,15,4,1,6,-18,-15,1015,1012,1008,1005,0
2017-04-10,26,35,18,-8,1013.15,19,4,0,1,-21,-18,1016,1015,1009,1008,0
2017-04-11,30,38,21,-5,1011.8,21,4,6,0,-8,-21,1015,1016,1007,1009,0
2017-04-12,30,40,21,-2,1010.3,29,4,7,6,-9,-8,1014,1015,1005,1007,0
2017-04-13,32,41,23,0,1009.29,33,4,8,7,-9,-9,1012,1014,1004,1005,0
2017-04-14,33,42,24,-1,1008.9,32,4,9,8,-7,-9,1012,1012,1003,1004,0
2017-04-15,34,42,25,-1,1007.07,23,4,8,9,-9,-7,1010,1012,1001,1003,0
2017-04-16,34,43,26,1,1005.69,30,4,8,8,-10,-9,1014,1010,999,1001,0
2017-04-17,35,43,27,-1,1006.12,23,4,7,8,-9,-10,1010,1014,1001,999,0
2017-04-18,36,43,29,2,1007.02,20,4,10,7,-3,-9,1010,1010,1002,1001,0
2017-04-19,35,42,28,4,1006.95,24,5,14,10,-5,-3,1010,1010,1001,1002,0
2017-04-20,36,43,28,4,1004.82,27,4,14,14,-3,-5,1008,1010,999,1001,0
2017-04-21,36,43,30,9,1002.87,35,7,15,14,4,-3,1006,1008,997,999,0
2017-04-22,34,40,29,4,1003.47,24,4,10,15,1,4,1006,1006,998,997,0
2017-04-23,34,39,28,6,1005.09,29,4,12,10,1,1,1008,1006,1001,998,0
2017-04-24,32,38,25,8,1005.52,29,9,11,12,5,1,1009,1008,1001,1001,0
2017-04-25,30,36,25,9,1007.02,34,9,16,11,1,5,1010,1009,1003,1001,0
2017-04-26,29,38,20,8,1007.85,47,9,18,16,1,1,1011,1010,1004,1003,2
2017-04-27,31,39,23,7,1008.26,61,5,15,18,-3,1,1011,1011,1004,1004,0
2017-04-28,32,40,24,3,1009.11,36,4,12,15,-8,-3,1012,1011,1002,1004,0
2017-04-29,32,37,26,5,1008.16,34,4,15,12,-1,-8,1011,1012,1002,1002,0
2017-04-30,32,39,26,7,1007.94,30,7,17,15,4,-1,1011,1011,1004,1002,0
2017-05-01,33,39,27,5,1007.36,32,6,12,17,-5,4,1010,1011,1002,1004,0
2017-05-02,32,40,24,-2,1009.16,33,4,12,12,-17,-5,1012,1010,1005,1002,0
2017-05-03,34,41,28,-2,1010.33,20,4,11,12,-7,-17,1014,1012,1005,1005,0
2017-05-04,33,40,26,7,1008.37,29,7,13,11,2,-7,1011,1014,1003,1005,0
2017-05-05,34,41,26,6,1009.82,33,4,12,13,1,2,1013,1011,1002,1003,0
2017-05-06,36,43,30,4,1008.55,25,4,10,12,1,1,1012,1013,1004,1002,0
2017-05-07,36,44,29,6,1008.31,22,4,14,10,0,1,1011,1012,1003,1004,0
2017-05-08,36,43,30,5,1008,24,4,10,14,-2,0,1011,1011,1003,1003,0
2017-05-09,36,43,29,8,1007.88,36,4,15,10,3,-2,1011,1011,1001,1003,0.1
2017-05-10,36,43,29,7,1005.29,29,5,14,15,2,3,1008,1011,999,1001,0.2
2017-05-11,34,42,26,8,1006.26,29,5,14,14,3,2,1009,1008,1001,999,0
2017-05-12,34,41,27,9,1007.62,35,6,13,14,6,3,1010,1009,1003,1001,0
2017-05-13,35,42,28,9,1007.79,35,5,15,13,4,6,1011,1010,1002,1003,0
2017-05-14,36,43,30,9,1006.45,35,5,17,15,4,4,1010,1011,1002,1002,0
2017-05-15,36,42,31,6,1004.57,21,5,11,17,4,4,1007,1010,999,1002,0
2017-05-16,34,40,28,8,1003.16,30,4,16,11,2,4,1006,1007,997,999,0
2017-05-17,32,39,25,8,1002.55,27,6,14,16,5,2,1006,1006,997,997,0
2017-05-18,34,40,28,11,1004.09,42,10,14,14,8,5,1006,1006,999,997,0
2017-05-19,33,43,23,11,1004.62,35,11,14,14,8,8,1009,1006,999,999,3
2017-05-20,34,40,27,14,1005.81,61,4,19,14,2,8,1008,1009,999,999,0
2017-05-21,32,40,25,11,1004.28,40,9,15,19,9,2,1008,1008,998,999,0
2017-05-22,28,36,21,13,1003.9,65,14,19,15,8,9,1010,1008,999,998,6
2017-05-23,32,39,26,14,1006.55,73,16,18,19,10,8,1009,1010,997,999,0
2017-05-24,34,41,27,15,1006.43,48,15,19,18,6,10,1010,1009,1002,997,0
2017-05-25,34,42,25,15,1004.76,55,19,19,19,10,6,1007,1010,1001,1002,0
2017-05-26,36,44,29,14,1003.35,48,10,19,19,9,10,1006,1007,998,1001,0
2017-05-27,38,45,32,13,1001.26,43,6,18,19,7,9,1005,1006,995,998,0
2017-05-28,36,43,30,9,1000.17,32,4,17,18,0,7,1003,1005,994,995,0
2017-05-29,28,36,21,15,999.7,40,10,19,17,8,0,1003,1003,994,994,0
2017-05-30,31,39,23,19,1001.1,94,17,24,19,9,8,1006,1003,996,994,0
2017-05-31,30,36,23,19,999.27,74,18,23,24,15,9,1003,1006,993,996,0
2017-06-01,26,31,20,21,1000.95,100,34,23,23,17,15,1005,1003,996,993,23
2017-06-02,31,39,23,20,1004.8,83,44,23,23,18,17,1007,1005,1000,996,0
2017-06-03,36,43,28,21,1004.37,100,21,24,23,17,18,1007,1007,1000,1000,0
2017-06-04,36,43,30,15,1002.17,62,8,23,24,7,17,1005,1007,996,1000,0
2017-06-05,37,42,32,16,1001.83,51,10,22,23,12,7,1005,1005,997,996,0
2017-06-06,36,41,31,19,1001.97,49,15,23,22,9,12,1005,1005,996,997,0
2017-06-07,32,36,29,19,1003.7,52,18,24,23,17,9,1007,1005,999,996,0
2017-06-08,32,37,27,20,1005.48,66,31,25,24,18,17,1009,1007,1000,999,0
2017-06-09,30,37,22,18,1004.62,66,22,22,25,14,18,1007,1009,1000,1000,0
2017-06-10,32,39,25,20,1003.76,94,21,23,22,17,14,1007,1007,998,1000,0
2017-06-11,30,38,23,17,1002.33,74,13,23,23,10,17,1005,1007,997,998,0
2017-06-12,32,39,25,14,1001.94,65,9,19,23,8,10,1005,1005,997,997,0
2017-06-13,32,38,26,15,1001.6,61,13,19,19,9,8,1004,1005,996,997,0
2017-06-14,35,41,29,16,1001.05,48,18,21,19,10,9,1004,1004,996,996,0
2017-06-15,28,39,18,17,1003.14,88,12,22,21,12,10,1006,1004,997,996,0
2017-06-16,32,38,27,20,1003.52,83,30,22,22,13,12,1008,1006,997,997,0
2017-06-17,32,38,26,18,1001.91,55,23,20,22,17,13,1005,1008,997,997,0
2017-06-18,33,39,27,19,1002.38,58,18,22,20,15,17,1004,1005,997,997,0
2017-06-19,35,40,30,19,1001.49,59,23,22,22,17,15,1004,1004,996,997,0
2017-06-20,33,39,27,19,999.46,49,21,22,22,17,17,1002,1004,994,996,0
2017-06-21,30,36,24,19,999.92,62,20,22,22,17,17,1003,1002,995,994,0
2017-06-22,27,33,21,18,1000.83,69,24,20,22,16,17,1003,1003,997,995,0
2017-06-23,30,36,25,19,1002.93,92,32,22,20,16,16,1007,1003,999,997,0
2017-06-24,32,38,26,20,1002.88,74,30,22,22,18,16,1022,1007,998,999,0
2017-06-25,35,40,30,20,999.41,70,23,22,22,16,18,1002,1022,995,998,0
2017-06-26,34,40,29,21,998.64,66,22,24,22,17,16,1001,1002,994,995,0
2017-06-27,33,39,27,22,999.8,79,30,29,24,19,17,1002,1001,996,994,12
2017-06-28,28,33,24,23,1000.41,84,27,25,29,20,19,1003,1002,995,996,4
2017-06-29,28,32,23,25,1000.93,100,60,27,25,24,20,1003,1003,997,995,12
2017-06-30,30,35,25,25,1000.9,100,66,26,27,23,24,1003,1003,998,997,4
2017-07-01,30,34,25,25,998.37,100,38,27,26,22,23,1001,1003,994,998,0
2017-07-02,30,34,25,25,997.67,89,53,27,27,24,22,1000,1001,994,994,0
2017-07-03,30,35,26,25,998.48,89,44,26,27,23,24,1001,1000,995,994,0
2017-07-04,30,35,26,25,999.85,89,40,27,26,20,23,1002,1001,996,995,0
2017-07-05,30,34,26,23,999.69,84,40,25,27,22,20,1002,1002,995,996,0
2017-07-06,31,36,26,21,1000.41,79,36,23,25,20,22,1003,1002,997,995,0
2017-07-07,31,36,26,21,1001.72,74,31,23,23,19,20,1004,1003,998,997,0
2017-07-08,32,38,27,21,1003.32,70,29,23,23,19,19,1006,1004,1000,998,0
2017-07-09,33,38,28,20,1003.08,62,27,22,23,19,19,1006,1006,999,1000,0
2017-07-10,33,38,28,20,1001.79,52,26,21,22,19,19,1005,1006,998,999,0
2017-07-11,32,36,27,19,1002.67,55,28,22,21,18,19,1005,1005,999,998,0
2017-07-12,30,33,26,20,1002.6,66,27,22,22,18,18,1005,1005,998,999,0
2017-07-13,30,35,25,23,1003.25,84,46,25,22,19,18,1011,1005,1000,998,0
2017-07-14,30,34,26,24,1001.75,89,41,25,25,22,19,1004,1011,997,1000,0
2017-07-15,32,37,27,23,1000.82,79,43,24,25,22,22,1003,1004,997,997,0
2017-07-16,30,33,26,24,1000.77,95,33,28,24,21,22,1003,1003,996,997,11
2017-07-17,30,34,25,26,1001.27,94,59,27,28,23,21,1003,1003,998,996,12
2017-07-18,30,34,26,26,1001.44,94,59,27,27,25,23,1003,1003,998,998,12
2017-07-19,31,36,26,26,1001.63,94,56,27,27,23,25,1004,1003,997,998,0
2017-07-20,30,34,26,25,1000.7,93,47,27,27,23,23,1003,1004,995,997,0.4
2017-07-21,30,34,25,25,998.82,89,49,26,27,24,23,1001,1003,994,995,0.8
2017-07-22,28,32,24,25,999.08,94,59,26,26,24,24,1001,1001,996,994,14
2017-07-23,26,29,24,26,998.45,100,74,28,26,24,24,1000,1001,995,996,19
2017-07-24,26,29,23,26,997.67,100,88,27,28,25,24,1000,1000,995,995,47
2017-07-25,24,28,21,25,997.63,100,74,27,27,24,25,999,1000,994,995,3
2017-07-27,28,33,24,24,998.16,100,69,25,27,23,24,1000,999,996,994,0
2017-07-28,28,31,26,24,1002.22,95,51,25,25,23,23,1004,1000,998,996,0
2017-07-29,25,27,23,25,1002.08,95,62,27,25,23,23,1004,1004,998,998,10
2017-07-30,26,28,23,26,1002.4,100,89,27,27,24,23,1005,1004,1000,998,9
2017-07-31,26,29,23,25,1004.2,100,89,27,27,24,24,1006,1005,1002,1000,0.8
2017-08-01,26,30,23,26,1004.22,100,82,26,27,25,24,1008,1006,1001,1002,0.5
2017-08-02,27,31,23,25,1004.36,100,68,26,26,24,25,1006,1008,1002,1001,2
2017-08-03,26,31,22,24,1004,100,62,25,26,23,24,1006,1006,1000,1002,0
2017-08-04,28,32,23,23,1001.6,100,56,25,25,22,23,1004,1006,998,1000,0
2017-08-05,28,33,23,23,1000.49,94,49,24,25,21,22,1003,1004,998,998,0
2017-08-06,29,33,25,22,1001.91,89,44,24,24,21,21,1004,1003,998,998,0
2017-08-07,29,32,26,23,1003.15,79,46,25,24,22,21,1006,1004,1000,998,0
2017-08-08,28,31,24,24,1004.13,100,52,27,25,22,22,1006,1006,1000,1000,3
2017-08-09,28,31,24,26,1004.26,100,70,27,27,25,22,1006,1006,1000,1000,1
2017-08-10,28,32,24,25,1003.51,100,71,26,27,24,25,1006,1006,1001,1000,4
2017-08-11,28,33,23,25,1002.93,100,61,26,26,23,24,1005,1006,1000,1001,0
2017-08-12,28,32,24,24,1002.76,100,53,26,26,22,23,1004,1005,999,1000,0
2017-08-13,28,33,24,23,1002.75,89,53,24,26,22,22,1005,1004,999,999,0
2017-08-14,28,32,23,23,1004.42,89,51,24,24,22,22,1007,1005,1001,999,0
2017-08-15,29,34,24,23,1007.07,100,52,25,24,21,22,1009,1007,1000,1001,0
2017-08-16,30,36,24,23,1005.86,83,46,24,25,21,21,1008,1009,1002,1000,0
2017-08-17,30,36,24,23,1004.24,79,43,24,24,22,21,1007,1008,1000,1002,0
2017-08-18,30,36,24,22,1002.89,78,37,24,24,21,22,1005,1007,999,1000,0
2017-08-19,30,34,26,22,1002.94,74,40,24,24,20,21,1005,1005,999,999,1
2017-08-20,30,35,25,24,1003.96,79,49,25,24,22,20,1006,1005,1001,999,0
2017-08-21,30,36,25,25,1003.76,94,41,26,25,22,22,1006,1006,999,1001,0
2017-08-22,30,35,25,24,1002.29,84,37,25,26,22,22,1005,1006,998,999,0
2017-08-23,29,34,24,24,1002.72,84,43,25,25,23,22,1005,1005,999,998,0
2017-08-24,28,34,22,24,1005.06,100,53,26,25,23,23,1007,1005,1002,999,49
2017-08-25,26,29,23,25,1004.38,100,60,26,26,23,23,1007,1007,1000,1002,0
2017-08-26,28,32,23,24,1003.22,100,73,26,26,21,23,1006,1007,999,1000,23
2017-08-27,30,33,26,24,1001.82,100,57,25,26,23,21,1004,1006,999,999,0
2017-08-28,28,33,24,25,1001.64,100,49,26,25,23,23,1003,1004,997,999,0
2017-08-29,28,31,24,25,1001.98,100,54,26,26,24,23,1004,1003,996,997,1
2017-08-30,28,32,23,26,1001.47,100,66,27,26,24,24,1003,1004,999,996,1
2017-08-31,27,31,23,25,1002.58,100,64,26,27,24,24,1005,1003,999,999,0.5
2017-09-01,26,31,22,25,1004.9,100,61,27,26,23,24,1007,1005,1000,999,20
2017-09-02,28,32,24,23,1005.98,100,56,25,27,21,23,1008,1007,1003,1000,0
2017-09-03,26,32,21,23,1006.16,100,50,25,25,22,21,1008,1008,1003,1003,1
2017-09-04,28,34,23,24,1006.63,100,56,25,25,23,22,1008,1008,1004,1003,0
2017-09-05,29,35,23,23,1008.15,95,43,25,25,22,23,1011,1008,1004,1004,0
2017-09-06,29,34,24,22,1007.9,83,40,23,25,21,22,1011,1011,1004,1004,0
2017-09-07,30,34,25,22,1007.84,89,40,25,23,19,21,1010,1011,1005,1004,7
2017-09-08,30,34,25,23,1008.19,94,39,25,25,21,19,1011,1010,1005,1005,0
2017-09-09,30,36,24,22,1008.49,89,37,24,25,20,21,1011,1011,1006,1005,0
2017-09-10,30,36,24,22,1006.81,89,31,25,24,18,20,1010,1011,1002,1006,0
2017-09-11,32,36,27,21,1007.3,83,25,24,25,17,18,1010,1010,1004,1002,0
2017-09-12,29,34,24,21,1008.85,70,30,24,24,19,17,1011,1010,1005,1004,0
2017-09-13,29,35,23,23,1009.59,94,48,25,24,21,19,1012,1011,1006,1005,14
2017-09-14,28,33,23,23,1009.11,100,32,25,25,20,21,1012,1012,1005,1006,14
2017-09-15,30,35,24,23,1008.59,100,44,25,25,21,20,1011,1012,1004,1005,0
2017-09-16,30,34,25,23,1007.36,94,31,25,25,19,21,1010,1011,1003,1004,0
2017-09-17,30,35,24,20,1006.94,84,29,24,25,16,19,1009,1010,1002,1003,0
2017-09-18,30,37,24,18,1006.69,78,22,22,24,13,16,1009,1009,1002,1002,0
2017-09-19,29,37,21,15,1005.96,73,12,19,22,10,13,1009,1009,1002,1002,0
2017-09-20,30,37,24,14,1005.27,65,9,19,19,8,10,1008,1009,1000,1002,0
2017-09-21,30,35,25,15,1004.83,65,11,23,19,8,8,1009,1008,1001,1000,0
2017-09-22,30,34,26,21,1003.91,66,31,25,23,11,8,1006,1009,1000,1001,0
2017-09-23,30,36,24,22,1004.59,79,33,24,25,19,11,1006,1006,1001,1000,0
2017-09-24,30,36,24,19,1006.91,78,18,22,24,13,19,1010,1006,1003,1001,0
2017-09-25,31,36,26,19,1009.27,83,22,22,22,16,13,1012,1010,1006,1003,0
2017-09-26,30,36,25,18,1008.07,66,23,21,22,15,16,1011,1012,1004,1006,0
2017-09-27,32,37,26,17,1008.52,65,19,20,21,13,15,1011,1011,1005,1004,0
2017-09-28,32,37,26,15,1009.03,66,13,26,20,9,13,1012,1011,1005,1005,0
2017-09-29,30,37,24,10,1007.57,45,8,19,26,5,9,1011,1012,1004,1005,0
2017-09-30,31,38,24,10,1007,37,11,21,19,7,5,1010,1011,1003,1004,0
2017-10-01,30,37,23,11,1009.5,50,8,19,21,6,7,1012,1010,1006,1003,0
2017-10-02,31,38,24,10,1008.87,50,10,14,19,6,6,1013,1012,1005,1006,0
2017-10-03,32,37,27,10,1008.38,42,11,13,14,5,6,1011,1013,1004,1005,0
2017-10-04,30,37,23,9,1009.66,33,9,12,13,4,5,1018,1011,1005,1004,0
2017-10-05,29,36,22,11,1010.71,53,9,16,12,5,4,1013,1018,1006,1005,0
2017-10-06,30,36,25,12,1010.68,53,12,17,16,10,5,1013,1013,1006,1006,0
2017-10-07,28,36,21,10,1010.51,39,13,14,17,8,10,1014,1013,1006,1006,0
2017-10-08,30,37,22,11,1009.93,53,11,14,14,9,8,1013,1014,1005,1006,0
2017-10-09,30,36,23,11,1008.76,57,10,17,14,7,9,1011,1013,1004,1005,0
2017-10-10,30,37,22,11,1008.81,47,10,17,17,8,7,1011,1011,1005,1004,0
2017-10-11,30,36,23,10,1008.37,41,12,15,17,5,8,1011,1011,1004,1005,0
2017-10-12,29,37,21,12,1008.29,53,9,19,15,6,5,1011,1011,1004,1004,0
2017-10-13,29,36,22,9,1008.2,50,6,15,19,3,6,1011,1011,1004,1004,0
2017-10-14,30,38,22,8,1006.77,47,6,15,15,1,3,1010,1011,1002,1004,0
2017-10-15,30,39,21,5,1006.89,46,4,12,15,-5,1,1010,1010,1002,1002,0
2017-10-16,30,38,21,4,1007.37,38,4,9,12,-3,-5,1010,1010,1004,1002,0
2017-10-17,28,36,19,4,1008.21,44,4,10,9,-8,-3,1011,1010,1004,1004,0
2017-10-18,28,36,19,4,1009.56,40,4,13,10,-3,-8,1012,1011,1006,1004,0
2017-10-19,28,35,20,5,1010.37,46,6,14,13,-2,-3,1014,1012,1006,1006,0
2017-10-20,28,36,21,10,1010.28,53,11,18,14,5,-2,1013,1014,1006,1006,0
2017-10-21,28,36,21,11,1009.74,53,9,16,18,5,5,1012,1013,1006,1006,0
2017-10-22,28,36,19,7,1009.09,57,4,15,16,-5,5,1012,1012,1004,1006,0
2017-10-23,26,34,19,3,1007.93,46,6,10,15,-3,-5,1010,1012,1004,1004,0
2017-10-24,27,34,20,2,1010.07,43,6,9,10,-3,-3,1012,1010,1006,1004,0
2017-10-25,26,34,18,0,1012.72,35,4,14,9,-7,-3,1015,1012,1008,1006,0
2017-10-26,28,34,21,3,1014.7,37,5,10,14,-3,-7,1018,1015,1004,1008,0
2017-10-27,26,33,19,4,1015.29,41,4,12,10,-5,-3,1018,1018,1011,1004,0
2017-10-28,26,34,19,6,1014.32,46,11,11,12,0,-5,1017,1018,1010,1011,0
2017-10-29,26,34,19,5,1014.28,49,5,10,11,-1,0,1016,1017,1010,1010,0
2017-10-30,26,33,20,3,1015.79,43,5,8,10,-3,-1,1018,1016,1013,1010,0
2017-10-31,24,32,17,9,1016.35,53,9,13,8,3,-3,1020,1018,1012,1013,0
2017-11-01,25,33,17,8,1014.77,56,11,12,13,3,3,1017,1020,1011,1012,0
2017-11-02,25,33,17,6,1015.5,57,7,12,12,0,3,1019,1017,1012,1011,0
2017-11-03,25,33,17,6,1014.37,58,9,12,12,2,0,1018,1019,1010,1012,0
2017-11-04,24,30,18,7,1014.67,53,8,14,12,2,2,1017,1018,1011,1010,0
2017-11-05,25,30,20,12,1016.1,60,20,16,14,10,2,1019,1017,1013,1011,0
2017-11-06,24,30,17,12,1016.73,68,19,17,16,8,10,1020,1019,1014,1013,0
2017-11-07,24,32,16,11,1016.51,68,17,14,17,8,8,1019,1020,1013,1014,0
2017-11-08,23,29,17,9,1015.29,63,13,13,14,6,8,1018,1019,1002,1013,0
2017-11-09,24,31,16,7,1015.42,56,11,10,13,1,6,1018,1018,1012,1002,0
2017-11-10,23,30,16,7,1014.53,100,13,28,10,2,1,1017,1018,1011,1012,0
2017-11-11,22,30,15,6,1015.25,52,10,11,28,2,2,1018,1017,1012,1011,0
2017-11-12,22,31,14,7,1016.05,57,9,13,11,2,2,1019,1018,1012,1012,0
2017-11-13,22,30,14,6,1013.51,59,15,11,13,2,2,1017,1019,1009,1012,0
2017-11-14,22,28,17,7,1012.56,59,12,8,11,5,2,1015,1017,1008,1009,0
2017-11-15,22,28,17,7,1011,45,15,11,8,3,5,1014,1015,1007,1008,0
2017-11-16,22,27,18,9,1012.75,52,23,12,11,8,3,1015,1014,1010,1007,0
2017-11-17,21,24,18,11,1014.04,56,30,13,12,10,8,1017,1015,1011,1010,0
2017-11-18,20,24,16,11,1015.15,60,29,13,13,9,10,1018,1017,1013,1011,0
2017-11-19,20,25,15,11,1016,72,27,13,13,9,9,1018,1018,1014,1013,0
2017-11-20,18,25,12,6,1017.2,56,20,10,13,4,9,1019,1018,1015,1014,0
2017-11-21,18,25,11,1,1018.55,62,8,8,10,-4,4,1021,1019,1016,1015,0
2017-11-22,18,25,11,0,1016.75,47,9,5,8,-6,-4,1019,1021,1014,1016,0
2017-11-23,18,25,10,-1,1015.79,58,6,7,5,-6,-6,1019,1019,1013,1014,0
2017-11-24,18,26,10,-2,1015.03,54,7,5,7,-8,-6,1017,1019,1012,1013,0
2017-11-25,19,28,10,-1,1016.6,82,8,10,5,-6,-8,1019,1017,1014,1012,0
2017-11-26,20,28,11,-1,1016.86,54,9,5,10,-9,-6,1020,1019,1014,1014,0
2017-11-27,20,29,11,0,1018.02,54,7,5,5,-5,-9,1021,1020,1015,1014,0
2017-11-28,20,29,11,0,1015.62,62,5,7,5,-7,-5,1018,1021,1012,1015,0
2017-11-29,20,29,11,1,1014.79,54,6,8,7,-4,-7,1017,1018,1012,1012,0
2017-11-30,20,28,12,2,1016.34,51,7,9,8,-2,-4,1019,1017,1014,1012,0
2017-12-01,20,29,12,3,1016.2,55,7,7,9,-1,-2,1018,1019,1013,1014,0
2017-12-02,20,26,14,4,1016.12,51,10,7,7,0,-1,1018,1018,1013,1013,0
2017-12-03,19,25,13,3,1017.29,45,14,7,7,0,0,1020,1018,1014,1013,0
2017-12-04,18,24,12,3,1017.07,51,13,6,7,1,0,1020,1020,1014,1014,0
2017-12-05,18,21,16,5,1015.63,58,18,8,6,3,1,1018,1020,1013,1014,0
2017-12-06,16,20,13,7,1016,72,27,11,8,5,3,1018,1018,1014,1013,0
2017-12-07,18,24,13,9,1016.39,82,24,11,11,4,5,1018,1018,1014,1014,0
2017-12-08,18,26,10,4,1016.27,77,11,11,11,-2,4,1018,1018,1014,1014,0
2017-12-09,18,27,10,2,1016.64,59,13,9,11,-3,-2,1019,1018,1013,1014,0
2017-12-10,20,27,12,6,1016.05,62,16,8,9,4,-3,1018,1019,1013,1013,0
2017-12-11,20,25,14,6,1015.9,59,17,9,8,5,4,1018,1018,1013,1013,0
2017-12-12,16,20,12,8,1014.46,96,20,15,9,4,5,1017,1018,1012,1013,5
2017-12-13,16,22,9,13,1016.39,100,53,16,15,11,4,1018,1017,1014,1012,0
2017-12-14,16,23,10,9,1018.02,100,20,15,16,0,11,1021,1018,1002,1014,0
2017-12-15,16,23,9,4,1019.4,72,20,8,15,0,0,1022,1021,1017,1002,0
2017-12-16,16,22,10,2,1020.47,62,16,5,8,0,0,1023,1022,1016,1017,0
2017-12-17,16,25,8,-2,1022.15,58,8,5,5,-11,0,1024,1023,1020,1016,0
2017-12-18,18,25,12,-2,1023.07,62,4,4,5,-11,-11,1026,1024,1020,1020,0
2017-12-19,18,26,10,-2,1021.69,41,10,1,4,-7,-11,1024,1026,1012,1020,0
2017-12-20,19,26,12,2,1021.04,54,10,5,1,-3,-7,1023,1024,1018,1012,0
2017-12-21,19,28,10,4,1021.86,59,14,8,5,0,-3,1024,1023,1020,1018,0
2017-12-22,18,25,11,5,1021.98,62,12,8,8,2,0,1025,1024,1019,1020,0
2017-12-23,18,25,11,5,1020.4,72,13,9,8,0,2,1023,1025,1018,1019,0
2017-12-24,17,25,9,1,1016.8,67,9,6,9,-6,0,1019,1023,1014,1018,0
2017-12-25,18,25,10,3,1016.19,54,14,6,6,1,-6,1018,1019,1014,1014,0
2017-12-26,18,25,10,3,1018.24,71,13,8,6,-3,1,1021,1018,1016,1014,0
2017-12-27,17,25,9,4,1019,72,15,8,8,1,-3,1021,1021,1017,1016,0
2017-12-28,17,25,9,4,1017.88,71,15,7,8,1,1,1021,1021,1016,1017,0
2017-12-29,18,25,10,3,1017.33,75,12,10,7,0,1,1020,1021,1015,1016,0
2017-12-30,16,24,9,4,1017.63,66,11,8,10,-1,0,1020,1020,1015,1015,0
2017-12-31,16,22,9,5,1017.87,67,18,7,8,2,-1,1021,1020,1015,1015,0
2018-01-01,16,23,8,5,1016.41,67,22,8,7,2,2,1019,1021,1013,1015,0
2018-01-02,14,22,7,4,1014.17,87,16,9,8,-4,2,1017,1019,1012,1013,0
2018-01-03,14,23,6,4,1014.83,93,21,9,9,1,-4,1017,1017,1004,1012,0
2018-01-04,16,22,10,2,1016.09,81,13,6,9,-3,1,1019,1017,1014,1004,0
2018-01-05,15,23,7,2,1015.52,70,17,6,6,-2,-3,1018,1019,1013,1014,0
2018-01-06,16,24,8,4,1014.7,76,15,7,6,0,-2,1017,1018,1013,1013,0
2018-01-07,14,22,7,6,1014.48,93,23,8,7,2,0,1016,1017,1012,1013,0
2018-01-08,15,23,7,1,1015.68,67,12,6,8,-4,2,1018,1016,1014,1012,0
2018-01-09,15,24,6,0,1017.44,66,8,4,6,-6,-4,1020,1018,1016,1014,0
2018-01-10,16,24,7,1,1019.72,66,12,6,4,-2,-6,1022,1020,1018,1016,0
2018-01-11,16,24,8,0,1019.8,71,12,6,6,-6,-2,1022,1022,1017,1018,0
2018-01-12,16,24,9,-2,1018.5,62,8,4,6,-6,-6,1021,1022,1016,1017,0
2018-01-13,19,26,12,0,1017,48,10,5,4,-4,-6,1019,1021,1015,1016,0
2018-01-14,18,26,10,3,1016.69,51,12,7,5,0,-4,1019,1019,1013,1015,0
2018-01-15,16,25,8,3,1016.75,66,12,6,7,1,0,1019,1019,1014,1013,0
2018-01-16,16,26,7,-1,1017.23,66,6,6,6,-9,1,1020,1019,1014,1014,0
2018-01-17,18,26,10,-3,1014.85,53,8,8,6,-11,-9,1018,1020,1012,1014,0
2018-01-18,20,27,12,1,1014.38,44,12,7,8,-10,-11,1017,1018,1012,1012,0
2018-01-19,19,27,11,6,1015.9,55,15,9,7,4,-10,1018,1017,1012,1012,0
2018-01-20,17,24,10,6,1016.6,72,11,11,9,2,4,1019,1018,1014,1012,0
2018-01-21,16,25,8,3,1016.33,88,9,10,11,-9,2,1019,1019,1013,1014,0
2018-01-22,18,25,10,2,1014.96,58,12,6,10,-2,-9,1018,1019,1012,1013,0
2018-01-23,18,24,12,6,1012.95,58,21,10,6,4,-2,1016,1018,1009,1012,0
2018-01-24,16,21,10,6,1010.57,72,11,11,10,-2,4,1013,1016,1008,1009,2
2018-01-25,15,23,7,7,1013.95,100,26,11,11,3,-2,1016,1013,1010,1008,0
2018-01-26,16,25,8,6,1013.74,100,13,11,11,-3,3,1016,1016,1011,1010,0
2018-01-27,17,25,9,2,1013.95,82,8,7,11,-5,-3,1016,1016,1011,1011,0
2018-01-28,18,26,9,5,1014.11,88,8,11,7,-3,-5,1016,1016,1011,1011,0
2018-01-29,18,27,10,5,1014.88,82,14,9,11,-1,-3,1018,1016,1012,1011,0
2018-01-30,20,29,11,4,1016.74,67,12,9,9,-1,-1,1020,1018,1014,1012,0
2018-01-31,22,28,16,3,1017.14,68,9,9,9,-3,-1,1020,1020,1013,1014,0
2018-02-01,20,29,12,3,1016.22,45,9,5,9,-1,-3,1019,1020,1013,1013,0
2018-02-02,20,28,13,3,1015.6,59,9,8,5,-1,-1,1019,1019,1012,1013,0
2018-02-03,20,26,15,5,1013.25,55,11,9,8,1,-1,1015,1019,1010,1012,0
2018-02-04,18,25,11,2,1015.7,63,10,10,9,-3,1,1018,1015,1013,1010,0
2018-02-05,17,24,10,-1,1016.81,51,7,3,10,-8,-3,1020,1018,1014,1013,0
2018-02-06,18,23,14,0,1018.47,47,11,2,3,-3,-8,1021,1020,1016,1014,0
2018-02-07,18,25,11,-2,1018.53,39,9,3,2,-7,-3,1021,1021,1016,1016,0
2018-02-08,18,25,10,-3,1015.73,49,7,5,3,-10,-7,1018,1021,1012,1016,0
2018-02-09,18,26,10,-1,1014.17,44,10,3,5,-2,-10,1017,1018,1011,1012,0
2018-02-10,18,26,11,-1,1014.36,50,9,3,3,-7,-2,1017,1017,1010,1011,0
2018-02-11,19,23,15,1,1015.86,41,11,5,3,-2,-7,1019,1017,1013,1010,0
2018-02-12,18,25,12,5,1014.7,55,18,8,5,2,-2,1017,1019,1012,1013,0
2018-02-13,19,25,13,7,1016.98,94,12,15,8,0,2,1021,1017,1014,1012,0
2018-02-14,18,24,11,8,1022.53,100,12,14,15,-1,0,1025,1021,1020,1014,0
2018-02-15,18,26,11,3,1023.43,54,16,6,14,-4,-1,1026,1025,1020,1020,0
2018-02-16,22,27,16,5,1021.68,67,16,8,6,4,-4,1024,1026,1018,1020,0
2018-02-17,22,29,16,6,1019.24,63,13,10,8,2,4,1023,1024,1015,1018,0
2018-02-18,21,29,13,5,1014.3,55,8,10,10,-1,2,1017,1023,1010,1015,0
2018-02-19,22,29,14,4,1013,67,7,9,10,-3,-1,1015,1017,1010,1010,0
2018-02-20,23,31,15,5,1014.55,55,11,8,9,2,-3,1017,1015,1012,1010,0
2018-02-21,24,33,15,4,1014.24,48,10,10,8,0,2,1017,1017,1011,1012,0
2018-02-22,25,33,17,7,1012.06,56,12,14,10,3,0,1015,1017,1008,1011,0
2018-02-23,25,33,17,7,1010.97,52,9,12,14,3,3,1014,1015,1007,1008,0
2018-02-24,26,33,18,6,1010.82,59,7,12,12,0,3,1013,1014,1007,1007,0
2018-02-25,25,30,20,7,1013,52,15,11,12,3,0,1015,1013,1009,1007,0
2018-02-26,22,31,14,6,1016.37,46,9,13,11,-1,3,1020,1015,1013,1009,0
2018-02-27,24,32,16,7,1015.75,63,10,13,13,3,-1,1018,1020,1011,1013,0
2018-02-28,25,32,18,8,1014.42,52,13,13,13,6,3,1017,1018,1010,1011,0
2018-03-01,27,34,20,10,1014.07,64,20,14,13,7,6,1017,1017,1010,1010,0
2018-03-02,26,33,20,10,1012.18,57,12,16,14,5,7,1015,1017,1008,1010,0
2018-03-03,26,34,19,6,1011.18,53,11,12,16,3,5,1014,1015,1007,1008,0
2018-03-04,25,32,18,4,1009.23,49,5,9,12,-3,3,1017,1014,1005,1007,0
2018-03-05,23,30,16,8,1010.19,49,16,11,9,2,-3,1018,1017,1007,1005,0
2018-03-06,22,29,15,7,1013.96,100,11,13,11,0,2,1017,1018,1011,1007,0
2018-03-07,24,32,15,4,1015.39,48,6,9,13,-3,0,1018,1017,1012,1011,0
2018-03-08,24,32,15,2,1014.07,55,5,8,9,-6,-3,1017,1018,1011,1012,0
2018-03-09,26,33,19,1,1014.41,42,7,5,8,-5,-6,1017,1017,1011,1011,0
2018-03-10,26,34,19,3,1014.16,37,8,6,5,-1,-5,1017,1017,1009,1011,0
2018-03-11,26,34,18,4,1013.76,38,6,8,6,0,-1,1017,1017,1009,1009,0